<?xml version="1.0" encoding="UTF-8" ?>
<!-- This is a WordPress eXtended RSS file generated by WordPress as an export of your site. -->
<!-- It contains information about your site's posts, pages, comments, categories, and other content. -->
<!-- You may use this file to transfer that content from one site to another. -->
<!-- This file is not intended to serve as a complete backup of your site. -->

<!-- To import this information into a WordPress site follow these steps: -->
<!-- 1. Log in to that site as an administrator. -->
<!-- 2. Go to Tools: Import in the WordPress admin panel. -->
<!-- 3. Install the "WordPress" importer from the list. -->
<!-- 4. Activate & Run Importer. -->
<!-- 5. Upload this file using the form provided on that page. -->
<!-- 6. You will first be asked to map the authors in this export file to users -->
<!--    on the site. For each author, you may choose to map to an -->
<!--    existing user on the site or to create a new user. -->
<!-- 7. WordPress will then import each of the posts, pages, comments, categories, etc. -->
<!--    contained in this file into your site. -->

<!-- generator="WordPress.com" created="2020-08-20 15:19"-->
<rss version="2.0"
	xmlns:excerpt="http://wordpress.org/export/1.2/excerpt/"
	xmlns:content="http://purl.org/rss/1.0/modules/content/"
	xmlns:wfw="http://wellformedweb.org/CommentAPI/"
	xmlns:dc="http://purl.org/dc/elements/1.1/"
	xmlns:wp="http://wordpress.org/export/1.2/"
>

<channel>
	<title>Review of Selected Topical Journal Articles in the Basic Sciences with an Impact on Medical Education</title>
	<link>https://slaughtergaddyandrosenthal.wordpress.com</link>
	<description>Helping the Faculty and Students keep up with the unprecedented pace of change...</description>
	<pubDate>Thu, 20 Aug 2020 15:19:56 +0000</pubDate>
	<language></language>
	<wp:wxr_version>1.2</wp:wxr_version>
	<wp:base_site_url>http://wordpress.com/</wp:base_site_url>
	<wp:base_blog_url>https://slaughtergaddyandrosenthal.wordpress.com</wp:base_blog_url>

	<wp:author><wp:author_id>54652469</wp:author_id><wp:author_login><![CDATA[sparkyflint]]></wp:author_login><wp:author_email><![CDATA[flint.buchanan@gmail.com]]></wp:author_email><wp:author_display_name><![CDATA[sparkyflint]]></wp:author_display_name><wp:author_first_name><![CDATA[]]></wp:author_first_name><wp:author_last_name><![CDATA[]]></wp:author_last_name></wp:author>

	<wp:category><wp:term_id>1</wp:term_id><wp:category_nicename>uncategorized</wp:category_nicename><wp:category_parent></wp:category_parent><wp:cat_name><![CDATA[Uncategorized]]></wp:cat_name>
</wp:category>
	<wp:tag><wp:term_id>35890</wp:term_id><wp:tag_slug>featured</wp:tag_slug><wp:tag_name><![CDATA[featured]]></wp:tag_name>
</wp:tag>
	<wp:term><wp:term_id>1359</wp:term_id><wp:term_taxonomy>nav_menu</wp:term_taxonomy><wp:term_slug><![CDATA[primary]]></wp:term_slug><wp:term_name><![CDATA[Primary]]></wp:term_name>
</wp:term>
	<wp:term><wp:term_id>1360</wp:term_id><wp:term_taxonomy>nav_menu</wp:term_taxonomy><wp:term_slug><![CDATA[social]]></wp:term_slug><wp:term_name><![CDATA[Social]]></wp:term_name>
</wp:term>

	<generator>http://wordpress.com/</generator>
<image>
		<url>http://s0.wp.com/i/buttonw-com.png</url>
		<title>Review of Selected Topical Journal Articles in the Basic Sciences with an Impact on Medical Education</title>
		<link>https://slaughtergaddyandrosenthal.wordpress.com</link>
	</image>
		
	<item>
		<title>Home</title>
		<link>https://slaughtergaddyandrosenthal.wordpress.com/home/</link>
		<pubDate>Wed, 19 Aug 2020 19:23:58 +0000</pubDate>
		<dc:creator>sparkyflint</dc:creator>
		<guid isPermaLink="false">https://slaughtergaddyandrosenthal.wordpress.com/?page_id=5</guid>
		<description></description>
		<content:encoded><![CDATA[<!-- wp:cover {"url":"https:\/\/headstartdata.files.wordpress.com\/2020\/07\/qi-bin-w4hbafegiac-unsplash.jpg","id":26,"dimRatio":10,"align":"full"} -->
<div class="wp-block-cover alignfull has-background-dim-10 has-background-dim" style="background-image:url('https://headstartdata.files.wordpress.com/2020/07/qi-bin-w4hbafegiac-unsplash.jpg');"><div class="wp-block-cover__inner-container"><!-- wp:jetpack/layout-grid {"column1DesktopSpan":8,"column1DesktopOffset":2,"column1TabletSpan":8,"column1MobileSpan":4,"column2DesktopOffset":4,"className":"column1-desktop-grid__span-8 column1-desktop-grid__start-3 column1-desktop-grid__row-1 column1-tablet-grid__span-8 column1-tablet-grid__row-1 column1-mobile-grid__span-4 column1-mobile-grid__row-1"} -->
<div class="wp-block-jetpack-layout-grid alignfull column1-desktop-grid__span-8 column1-desktop-grid__start-3 column1-desktop-grid__row-1 column1-tablet-grid__span-8 column1-tablet-grid__row-1 column1-mobile-grid__span-4 column1-mobile-grid__row-1"><!-- wp:jetpack/layout-grid-column -->
<div class="wp-block-jetpack-layout-grid-column wp-block-jetpack-layout-grid__padding-none"><!-- wp:heading {"align":"center","level":1} -->
<h1 class="has-text-align-center"></h1>
<!-- /wp:heading -->

<!-- wp:paragraph {"align":"center"} -->
<p class="has-text-align-center"></p>
<!-- /wp:paragraph --></div>
<!-- /wp:jetpack/layout-grid-column --></div>
<!-- /wp:jetpack/layout-grid --></div></div>
<!-- /wp:cover -->

<!-- wp:group {"align":"full","backgroundColor":"background"} -->
<div class="wp-block-group alignfull has-background-background-color has-background"><div class="wp-block-group__inner-container"><!-- wp:jetpack/layout-grid {"column1DesktopSpan":12,"column1TabletSpan":8,"column1MobileSpan":4,"column2DesktopOffset":3,"className":"column1-desktop-grid__span-12 column1-desktop-grid__row-1 column1-tablet-grid__span-8 column1-tablet-grid__row-1 column1-mobile-grid__span-4 column1-mobile-grid__row-1"} -->
<div class="wp-block-jetpack-layout-grid alignfull column1-desktop-grid__span-12 column1-desktop-grid__row-1 column1-tablet-grid__span-8 column1-tablet-grid__row-1 column1-mobile-grid__span-4 column1-mobile-grid__row-1"><!-- wp:jetpack/layout-grid-column -->
<div class="wp-block-jetpack-layout-grid-column wp-block-jetpack-layout-grid__padding-none"><!-- wp:heading {"level":4} -->
<h4>Latest Articles</h4>
<!-- /wp:heading -->

<!-- wp:a8c/blog-posts {"className":"is-style-borders","imageShape":"uncropped","showAuthor":false,"showAvatar":false,"postLayout":"grid","typeScale":3} /--></div>
<!-- /wp:jetpack/layout-grid-column --></div>
<!-- /wp:jetpack/layout-grid -->

<!-- wp:paragraph -->
<p></p>
<!-- /wp:paragraph --></div></div>
<!-- /wp:group -->

<!-- wp:group {"align":"full","backgroundColor":"foreground-dark"} -->
<div class="wp-block-group alignfull has-foreground-dark-background-color has-background"><div class="wp-block-group__inner-container"><!-- wp:jetpack/contact-form -->
<!-- wp:jetpack/field-name {"required":true} /-->

<!-- wp:jetpack/field-email {"required":true} /-->

<!-- wp:jetpack/field-consent /-->

<!-- wp:jetpack/button {"element":"button","text":"Subscribe"} /-->
<!-- /wp:jetpack/contact-form --></div></div>
<!-- /wp:group -->]]></content:encoded>
		<excerpt:encoded><![CDATA[]]></excerpt:encoded>
		<wp:post_id>5</wp:post_id>
		<wp:post_date>2020-08-19 19:23:58</wp:post_date>
		<wp:post_date_gmt>2020-08-19 19:23:58</wp:post_date_gmt>
		<wp:comment_status>closed</wp:comment_status>
		<wp:ping_status>closed</wp:ping_status>
		<wp:post_name>home</wp:post_name>
		<wp:status>publish</wp:status>
		<wp:post_parent>0</wp:post_parent>
		<wp:menu_order>1</wp:menu_order>
		<wp:post_type>page</wp:post_type>
		<wp:post_password></wp:post_password>
		<wp:is_sticky>0</wp:is_sticky>
		<wp:postmeta>
			<wp:meta_key>sharing_disabled</wp:meta_key>
			<wp:meta_value><![CDATA[a:1:{i:0;N;}]]></wp:meta_value>
		</wp:postmeta>
		<wp:postmeta>
			<wp:meta_key>switch_like_status</wp:meta_key>
			<wp:meta_value><![CDATA[a:1:{i:0;N;}]]></wp:meta_value>
		</wp:postmeta>
		<wp:postmeta>
			<wp:meta_key>_starter_page_template</wp:meta_key>
			<wp:meta_value><![CDATA[]]></wp:meta_value>
		</wp:postmeta>
		<wp:postmeta>
			<wp:meta_key>_publicize_pending</wp:meta_key>
			<wp:meta_value><![CDATA[1]]></wp:meta_value>
		</wp:postmeta>
		<wp:postmeta>
			<wp:meta_key>_g_feedback_shortcode_86e8a66118c25e0c2dd079a6c6c46637e7565ef8</wp:meta_key>
			<wp:meta_value><![CDATA[
[contact-field required="1" type="name" label="Name"/]

[contact-field required="1" type="email" label="Email"/]

[contact-field type="consent" implicitConsentMessage="By submitting your information, you&#039;re giving us permission to email you. You may unsubscribe at any time." explicitConsentMessage="Can we send you an email from time to time?" label="Consent"/]

<div class="wp-block-jetpack-button"><button class="wp-block-button__link" style="" data-id-attr="placeholder" type="submit">Subscribe</button></div>
]]></wp:meta_value>
		</wp:postmeta>
		<wp:postmeta>
			<wp:meta_key>_checklist_post_type</wp:meta_key>
			<wp:meta_value><![CDATA[_hs_front_page]]></wp:meta_value>
		</wp:postmeta>
		<wp:postmeta>
			<wp:meta_key>_g_feedback_shortcode_atts_86e8a66118c25e0c2dd079a6c6c46637e7565ef8</wp:meta_key>
			<wp:meta_value><![CDATA[a:10:{s:2:"to";s:24:"flint.buchanan@gmail.com";s:7:"subject";s:108:"[Review of Selected Topical Journal Articles in the Basic Sciences with an Impact on Medical Education] Home";s:12:"show_subject";s:2:"no";s:6:"widget";i:0;s:2:"id";i:5;s:18:"submit_button_text";s:6:"Submit";s:14:"customThankyou";s:0:"";s:21:"customThankyouMessage";s:30:"Thank you for your submission!";s:22:"customThankyouRedirect";s:0:"";s:10:"jetpackCRM";b:1;}]]></wp:meta_value>
		</wp:postmeta>
	</item>
	<item>
		<title>Article Summaries</title>
		<link>https://slaughtergaddyandrosenthal.wordpress.com/blog/</link>
		<pubDate>Wed, 19 Aug 2020 19:23:57 +0000</pubDate>
		<dc:creator>sparkyflint</dc:creator>
		<guid isPermaLink="false">https://slaughtergaddyandrosenthal.wordpress.com/?page_id=6</guid>
		<description></description>
		<content:encoded><![CDATA[<!-- wp:cover {"url":"https:\/\/headstartdata.files.wordpress.com\/2020\/07\/qi-bin-w4hbafegiac-unsplash.jpg","id":26,"dimRatio":10,"align":"full"} -->
<div class="wp-block-cover alignfull has-background-dim-10 has-background-dim" style="background-image:url('https://headstartdata.files.wordpress.com/2020/07/qi-bin-w4hbafegiac-unsplash.jpg');"><div class="wp-block-cover__inner-container"></div></div>
<!-- /wp:cover -->

<!-- wp:spacer {"height":64,"className":"desktop-only"} -->
<div style="height:64px;" aria-hidden="true" class="wp-block-spacer desktop-only"></div>
<!-- /wp:spacer -->

<!-- wp:a8c/blog-posts {"moreButton":true,"showAvatar":false,"postsToShow":10} /-->

<!-- wp:separator {"className":"is-style-wide"} -->
<hr class="wp-block-separator is-style-wide" />
<!-- /wp:separator -->

<!-- wp:heading {"align":"left","level":3} -->
<h3 class="has-text-align-left">Follow My Blog</h3>
<!-- /wp:heading -->

<!-- wp:paragraph {"align":"left"} -->
<p class="has-text-align-left">Get new content delivered directly to your inbox.</p>
<!-- /wp:paragraph -->

<!-- wp:jetpack/subscriptions {"subscribePlaceholder":"Email Address","buttonOnNewLine":true,"submitButtonText":"Subscribe","buttonBackgroundColor":"primary","textColor":"background"} -->
<div class="wp-block-jetpack-subscriptions wp-block-jetpack-subscriptions__supports-newline wp-block-jetpack-subscriptions__use-newline">[jetpack_subscription_form subscribe_placeholder="Email Address" show_subscribers_total="false" button_on_newline="true" submit_button_text="Subscribe" custom_font_size="16" custom_border_radius="0" custom_border_weight="1" custom_padding="15" custom_spacing="10" submit_button_classes="has-text-color has-background-color has-background has-primary-background-color" email_field_classes="" show_only_email_and_button="true"]</div>
<!-- /wp:jetpack/subscriptions -->]]></content:encoded>
		<excerpt:encoded><![CDATA[]]></excerpt:encoded>
		<wp:post_id>6</wp:post_id>
		<wp:post_date>2020-08-19 19:23:57</wp:post_date>
		<wp:post_date_gmt>2020-08-19 19:23:57</wp:post_date_gmt>
		<wp:comment_status>open</wp:comment_status>
		<wp:ping_status>closed</wp:ping_status>
		<wp:post_name>blog</wp:post_name>
		<wp:status>publish</wp:status>
		<wp:post_parent>0</wp:post_parent>
		<wp:menu_order>0</wp:menu_order>
		<wp:post_type>page</wp:post_type>
		<wp:post_password></wp:post_password>
		<wp:is_sticky>0</wp:is_sticky>
		<wp:postmeta>
			<wp:meta_key>sharing_disabled</wp:meta_key>
			<wp:meta_value><![CDATA[a:1:{i:0;N;}]]></wp:meta_value>
		</wp:postmeta>
		<wp:postmeta>
			<wp:meta_key>switch_like_status</wp:meta_key>
			<wp:meta_value><![CDATA[a:1:{i:0;N;}]]></wp:meta_value>
		</wp:postmeta>
		<wp:postmeta>
			<wp:meta_key>_starter_page_template</wp:meta_key>
			<wp:meta_value><![CDATA[blog]]></wp:meta_value>
		</wp:postmeta>
		<wp:postmeta>
			<wp:meta_key>_publicize_pending</wp:meta_key>
			<wp:meta_value><![CDATA[1]]></wp:meta_value>
		</wp:postmeta>
		<wp:postmeta>
			<wp:meta_key>_checklist_post_type</wp:meta_key>
			<wp:meta_value><![CDATA[_hs_extra]]></wp:meta_value>
		</wp:postmeta>
	</item>
	<item>
		<title>Contact</title>
		<link>https://slaughtergaddyandrosenthal.wordpress.com/contact/</link>
		<pubDate>Wed, 19 Aug 2020 19:23:56 +0000</pubDate>
		<dc:creator>sparkyflint</dc:creator>
		<guid isPermaLink="false">https://slaughtergaddyandrosenthal.wordpress.com/?page_id=7</guid>
		<description></description>
		<content:encoded><![CDATA[<!-- wp:paragraph {"align":"left"} -->
<p class="has-text-align-left">Don't hesitate to reach out with the contact information below, or send a message using the form.</p>
<!-- /wp:paragraph -->

<!-- wp:spacer {"height":32,"className":"desktop-only"} -->
<div style="height:32px;" aria-hidden="true" class="wp-block-spacer desktop-only"></div>
<!-- /wp:spacer -->

<!-- wp:columns {"align":"wide","className":"has-2-columns"} -->
<div class="wp-block-columns alignwide has-2-columns"><!-- wp:column -->
<div class="wp-block-column"><!-- wp:heading {"align":"left"} -->
<h2 class="has-text-align-left">Get in Touch</h2>
<!-- /wp:heading -->

<!-- wp:jetpack/contact-info -->
<div class="wp-block-jetpack-contact-info"><!-- wp:jetpack/address {"address":"10 Street Road","city":"City","postal":"10100","country":"USA"} -->
<div class="wp-block-jetpack-address"><div class="jetpack-address__address jetpack-address__address1">10 Street Road</div><div><span class="jetpack-address__city">City</span>, <span class="jetpack-address__region"></span> <span class="jetpack-address__postal">10100</span></div><div class="jetpack-address__country">USA</div></div>
<!-- /wp:jetpack/address -->

<!-- wp:jetpack/email {"email":"myemail@example.com"} -->
<div class="wp-block-jetpack-email"><a href="mailto:myemail@example.com">myemail@example.com</a></div>
<!-- /wp:jetpack/email -->

<!-- wp:jetpack/phone {"phone":"(123) 456-7890"} -->
<div class="wp-block-jetpack-phone"><a href="tel:1234567890">(123) 456-7890</a></div>
<!-- /wp:jetpack/phone --></div>
<!-- /wp:jetpack/contact-info -->

<!-- wp:social-links -->
<ul class="wp-block-social-links"><!-- wp:social-link-facebook /-->

<!-- wp:social-link-twitter /-->

<!-- wp:social-link-instagram {"url":"instagram.com"} /-->

<!-- wp:social-link-linkedin /-->

<!-- wp:social-link-youtube /-->

<!-- wp:social-link-facebook /-->

<!-- wp:social-link-facebook {"url":"facebook.com"} /-->

<!-- wp:social-link-twitter {"url":"twitter.com"} /-->

<!-- wp:social-link-wordpress {"url":"wordpress.com"} /--></ul>
<!-- /wp:social-links --></div>
<!-- /wp:column -->

<!-- wp:column -->
<div class="wp-block-column"><!-- wp:heading {"align":"left"} -->
<h2 class="has-text-align-left">Send Us a Message</h2>
<!-- /wp:heading -->

<!-- wp:jetpack/contact-form -->
<!-- wp:jetpack/field-name {"required":true} /-->

<!-- wp:jetpack/field-email {"label":"Email","required":true} /-->

<!-- wp:jetpack/field-url /-->

<!-- wp:jetpack/field-textarea {"required":true} /-->
<!-- /wp:jetpack/contact-form --></div>
<!-- /wp:column --></div>
<!-- /wp:columns -->]]></content:encoded>
		<excerpt:encoded><![CDATA[]]></excerpt:encoded>
		<wp:post_id>7</wp:post_id>
		<wp:post_date>2020-08-19 19:23:56</wp:post_date>
		<wp:post_date_gmt>2020-08-19 19:23:56</wp:post_date_gmt>
		<wp:comment_status>closed</wp:comment_status>
		<wp:ping_status>closed</wp:ping_status>
		<wp:post_name>contact</wp:post_name>
		<wp:status>publish</wp:status>
		<wp:post_parent>0</wp:post_parent>
		<wp:menu_order>0</wp:menu_order>
		<wp:post_type>page</wp:post_type>
		<wp:post_password></wp:post_password>
		<wp:is_sticky>0</wp:is_sticky>
		<wp:postmeta>
			<wp:meta_key>_headstart_post</wp:meta_key>
			<wp:meta_value><![CDATA[_hs_extra]]></wp:meta_value>
		</wp:postmeta>
		<wp:postmeta>
			<wp:meta_key>sharing_disabled</wp:meta_key>
			<wp:meta_value><![CDATA[a:1:{i:0;N;}]]></wp:meta_value>
		</wp:postmeta>
		<wp:postmeta>
			<wp:meta_key>switch_like_status</wp:meta_key>
			<wp:meta_value><![CDATA[a:1:{i:0;N;}]]></wp:meta_value>
		</wp:postmeta>
		<wp:postmeta>
			<wp:meta_key>_starter_page_template</wp:meta_key>
			<wp:meta_value><![CDATA[contact]]></wp:meta_value>
		</wp:postmeta>
		<wp:postmeta>
			<wp:meta_key>_wpas_skip_all_services</wp:meta_key>
			<wp:meta_value><![CDATA[1]]></wp:meta_value>
		</wp:postmeta>
		<wp:postmeta>
			<wp:meta_key>_publicize_pending</wp:meta_key>
			<wp:meta_value><![CDATA[1]]></wp:meta_value>
		</wp:postmeta>
		<wp:postmeta>
			<wp:meta_key>_checklist_post_type</wp:meta_key>
			<wp:meta_value><![CDATA[_hs_extra]]></wp:meta_value>
		</wp:postmeta>
	</item>
	<item>
		<title>About</title>
		<link>https://slaughtergaddyandrosenthal.wordpress.com/about/</link>
		<pubDate>Wed, 19 Aug 2020 19:23:55 +0000</pubDate>
		<dc:creator>sparkyflint</dc:creator>
		<guid isPermaLink="false">https://slaughtergaddyandrosenthal.wordpress.com/?page_id=8</guid>
		<description></description>
		<content:encoded><![CDATA[<!-- wp:spacer {"height":20} -->
<div style="height:20px;" aria-hidden="true" class="wp-block-spacer"></div>
<!-- /wp:spacer -->

<!-- wp:group {"align":"full"} -->
<div class="wp-block-group alignfull"><div class="wp-block-group__inner-container"><!-- wp:jetpack/layout-grid {"column1DesktopSpan":3,"column1DesktopOffset":1,"column1TabletSpan":3,"column1MobileSpan":4,"column2DesktopSpan":6,"column2DesktopOffset":1,"column2TabletSpan":5,"column2MobileSpan":4,"column3DesktopOffset":3,"column3TabletOffset":1,"className":""} -->
<div class="wp-block-jetpack-layout-grid alignfull column1-desktop-grid__span-3 column1-desktop-grid__start-2 column1-desktop-grid__row-1 column2-desktop-grid__span-6 column2-desktop-grid__start-6 column2-desktop-grid__row-1 column1-tablet-grid__span-3 column1-tablet-grid__row-1 column2-tablet-grid__span-5 column2-tablet-grid__start-4 column2-tablet-grid__row-1 column1-mobile-grid__span-4 column1-mobile-grid__row-1 column2-mobile-grid__span-4 column2-mobile-grid__row-2"><!-- wp:jetpack/layout-grid-column -->
<div class="wp-block-jetpack-layout-grid-column wp-block-jetpack-layout-grid__padding-none"><!-- wp:image {"id":698,"sizeSlug":"full","className":"is-style-circle-mask"} -->
<figure class="wp-block-image size-full is-style-circle-mask"><img src="https://headstartdata.files.wordpress.com/2020/07/rachel-pfuetzner-0fn7fxv1ewa-unsplash.jpg" alt="" class="wp-image-698" /></figure>
<!-- /wp:image --></div>
<!-- /wp:jetpack/layout-grid-column -->

<!-- wp:jetpack/layout-grid-column -->
<div class="wp-block-jetpack-layout-grid-column wp-block-jetpack-layout-grid__padding-none"><!-- wp:heading -->
<h2>Introduce yourself – who you are, what you do, and where you are.</h2>
<!-- /wp:heading -->

<!-- wp:paragraph -->
<p>This is an example of an about page. Unlike posts, pages are better suited for more timeless content that you want to be easily accessible, like your About or Contact information. Click the Edit link to make changes to this page or <a href="//wordpress.com/page">add another page</a>.</p>
<!-- /wp:paragraph --></div>
<!-- /wp:jetpack/layout-grid-column --></div>
<!-- /wp:jetpack/layout-grid --></div></div>
<!-- /wp:group -->]]></content:encoded>
		<excerpt:encoded><![CDATA[]]></excerpt:encoded>
		<wp:post_id>8</wp:post_id>
		<wp:post_date>2020-08-19 19:23:55</wp:post_date>
		<wp:post_date_gmt>2020-08-19 19:23:55</wp:post_date_gmt>
		<wp:comment_status>closed</wp:comment_status>
		<wp:ping_status>closed</wp:ping_status>
		<wp:post_name>about</wp:post_name>
		<wp:status>publish</wp:status>
		<wp:post_parent>0</wp:post_parent>
		<wp:menu_order>0</wp:menu_order>
		<wp:post_type>page</wp:post_type>
		<wp:post_password></wp:post_password>
		<wp:is_sticky>0</wp:is_sticky>
		<wp:postmeta>
			<wp:meta_key>_headstart_post</wp:meta_key>
			<wp:meta_value><![CDATA[_hs_extra]]></wp:meta_value>
		</wp:postmeta>
		<wp:postmeta>
			<wp:meta_key>sharing_disabled</wp:meta_key>
			<wp:meta_value><![CDATA[a:1:{i:0;N;}]]></wp:meta_value>
		</wp:postmeta>
		<wp:postmeta>
			<wp:meta_key>switch_like_status</wp:meta_key>
			<wp:meta_value><![CDATA[a:1:{i:0;N;}]]></wp:meta_value>
		</wp:postmeta>
		<wp:postmeta>
			<wp:meta_key>_starter_page_template</wp:meta_key>
			<wp:meta_value><![CDATA[about-3]]></wp:meta_value>
		</wp:postmeta>
		<wp:postmeta>
			<wp:meta_key>_wpas_skip_all_services</wp:meta_key>
			<wp:meta_value><![CDATA[1]]></wp:meta_value>
		</wp:postmeta>
		<wp:postmeta>
			<wp:meta_key>_publicize_pending</wp:meta_key>
			<wp:meta_value><![CDATA[1]]></wp:meta_value>
		</wp:postmeta>
		<wp:postmeta>
			<wp:meta_key>_checklist_post_type</wp:meta_key>
			<wp:meta_value><![CDATA[_hs_extra]]></wp:meta_value>
		</wp:postmeta>
	</item>
	<item>
		<title>Rethinking Dementia</title>
		<link>https://slaughtergaddyandrosenthal.wordpress.com/2020/08/19/example-post-3/</link>
		<pubDate>Wed, 19 Aug 2020 19:23:54 +0000</pubDate>
		<dc:creator>sparkyflint</dc:creator>
		<guid isPermaLink="false">https://slaughtergaddyandrosenthal.wordpress.com/?p=9</guid>
		<description></description>
		<content:encoded><![CDATA[<!-- wp:paragraph -->
<p><strong>Montagne A et al. APOE4 leads to blood-brain barrier dysfunction predicting cognitive decline. Nature 581;2020:71-76. DOI: 10.1038/s41586-020-2247-3.</strong></p>
<!-- /wp:paragraph -->

<!-- wp:paragraph -->
<p><strong>Take-Home Lesson: </strong>The pathophysiologic basis for memory and emotional impairment in at least one subgroup with Alzheimer syndrome is disruption of the blood-brain barrier.</p>
<!-- /wp:paragraph -->

<!-- wp:paragraph -->
<p><strong>Background:</strong> Three common alleles segregate at the gene locus encoding apolipoprotein E (APOE). Compared to homozygotes for the most common allele, APOE3, heterozygotes for APOE4 have 4-fold higher risk of developing Alzheimer disease; homozygotes for APOE4 have 15-fold higher risk. The pathophysiologic basis for this strong association has long been supposed to be increased accumulation of the proteins Aβ and Tau, the pathologic hallmarks of Alzheimer disease. Montagne et al. now provide evidence that disruption of the blood-brain barrier (BBB), not accumulation of Aβ and Tau, is a pathophysiologic process driving progression of the disease.</p>
<!-- /wp:paragraph -->

<!-- wp:paragraph -->
<p><br><strong>Approach &amp; Results:</strong> The authors use dynamic contrast-enhanced magnetic resonance imaging to quantify BBB permeability in 245 subjects. They describe increased permeability in the hippocampus and parahippocampal gyrus of APOE4 carriers who are even cognitively normal (clinical dementia rating (CDR) of 0). This difference in BBB permeability increases further in persons with CDR score of 0.5. This indicates that BBB breakdown precedes the onset of symptoms. To address the possibility that dysfunction might nevertheless be ascribed in part to Aβ and Tau accumulation, the authors measure Aβ and phosphorylated Tau in cerebrospinal fluid. They find the BBB changes are independent of whether subjects’ cerebrospinal fluid (CSF) is Aβ+ or Aβ-, or pTau+ or pTau- according to accepted criteria. Furthermore, positron emission tomography (PET) scanning indicates that Aβ and Tau accumulation does not precede BBB breakdown in the hippocampus.</p>
<!-- /wp:paragraph -->

<!-- wp:paragraph -->
<p>To investigate the mechanism of BBB breakdown, the authors study the pro-inflammatory cyclophilin A-matrix metalloproteinase-9 (CypA-MMP9) pathway. In APOE4 (but not APOE3) knock-in mice, activation of this pathway leads to BBB breakdown. The authors find increased levels of CypA and MMP9 in the CSF of human APOE4 carriers (but not APOE3 homozygotes) who are cognitively impaired. In the pericytes of APOE knock-in mice, apoE3 (but not apoE4) transcriptionally inhibits CypA by a mechanism that involves the low-density lipoprotein receptor-related protein 1. MMP9 is inhibited in turn. Consistent with these mouse data, the authors show that human pericytes derived from APOE4 homozygous induced pluripotent stem cells (iPSCs) have higher levels of CypA and secreted MMP9 than pericytes derived from APOE3 homozygous cells. These results are consistent with allele-specific control of the CypA-MMP9 pathway as a mechanism for BBB breakdown.</p>
<!-- /wp:paragraph -->

<!-- wp:paragraph -->
<p><strong>Conclusions:</strong> BBB breakdown may contribute to cognitive decline in Alzheimer disease independently of Aβ and Tau accumulation. Activation of the pro-inflammatory CypA-MMP4 pathway provides an explanation for the increased risk of APOE4 carriers for development of the disease.</p>
<!-- /wp:paragraph -->

<!-- wp:paragraph -->
<p><strong>Impact on Curriculum:<br></strong>This paper exemplifies the multiple levels of approach characteristic of papers published in Nature. The work represents a significant advance in understanding of the pathophysiologic basis for the memory and emotional impairment in at least one subgroup with Alzheimer syndrome. It reveals an excellent example of the distinction between association (Aβ and tau accumulation) and cause (blood-brain barrier disruption) in the etiology of a disease. The work further suggests the CypA-MMP9 pathway as a target for future exploration of mechanism-based therapeutic control, which is presently lacking in treatment of the condition.</p>
<!-- /wp:paragraph -->]]></content:encoded>
		<excerpt:encoded><![CDATA[]]></excerpt:encoded>
		<wp:post_id>9</wp:post_id>
		<wp:post_date>2020-08-19 19:23:54</wp:post_date>
		<wp:post_date_gmt>2020-08-19 19:23:54</wp:post_date_gmt>
		<wp:comment_status>open</wp:comment_status>
		<wp:ping_status>open</wp:ping_status>
		<wp:post_name>example-post-3</wp:post_name>
		<wp:status>publish</wp:status>
		<wp:post_parent>0</wp:post_parent>
		<wp:menu_order>0</wp:menu_order>
		<wp:post_type>post</wp:post_type>
		<wp:post_password></wp:post_password>
		<wp:is_sticky>0</wp:is_sticky>
		<category domain="category" nicename="uncategorized"><![CDATA[Uncategorized]]></category>
		<wp:postmeta>
			<wp:meta_key>sharing_disabled</wp:meta_key>
			<wp:meta_value><![CDATA[a:1:{i:0;N;}]]></wp:meta_value>
		</wp:postmeta>
		<wp:postmeta>
			<wp:meta_key>switch_like_status</wp:meta_key>
			<wp:meta_value><![CDATA[a:1:{i:0;N;}]]></wp:meta_value>
		</wp:postmeta>
		<wp:postmeta>
			<wp:meta_key>_starter_page_template</wp:meta_key>
			<wp:meta_value><![CDATA[]]></wp:meta_value>
		</wp:postmeta>
		<wp:postmeta>
			<wp:meta_key>_publicize_job_id</wp:meta_key>
			<wp:meta_value><![CDATA[47899758313]]></wp:meta_value>
		</wp:postmeta>
	</item>
	<item>
		<title>Introduce Yourself (Example Post)</title>
		<link>https://slaughtergaddyandrosenthal.wordpress.com/2020/08/19/example-post-2/</link>
		<pubDate>Wed, 19 Aug 2020 19:23:53 +0000</pubDate>
		<dc:creator>sparkyflint</dc:creator>
		<guid isPermaLink="false">https://slaughtergaddyandrosenthal.wordpress.com/?p=10</guid>
		<description></description>
		<content:encoded><![CDATA[<!-- wp:paragraph -->
<p><em>This is an example post, originally published as part of </em><a href="https://dailypost.wordpress.com/blogging-university/"><em>Blogging University</em></a><em>. Enroll in one of our ten programs, and start your blog right.</em></p>
<!-- /wp:paragraph -->

<!-- wp:paragraph -->
<p>You’re going to publish a post today. Don’t worry about how your blog looks. Don’t worry if you haven’t given it a name yet, or you’re feeling overwhelmed. Just click the “New Post” button, and tell us why you’re here.</p>
<!-- /wp:paragraph -->

<!-- wp:paragraph -->
<p>Why do this? </p>
<!-- /wp:paragraph -->

<!-- wp:list -->
<ul><li>Because it gives new readers context. What are you about? Why should they read your blog?</li><li>Because it will help you focus your own ideas about your blog and what you’d like to do with it. </li></ul>
<!-- /wp:list -->

<!-- wp:paragraph -->
<p>The post can be short or long, a personal intro to your life or a bloggy mission statement, a manifesto for the future or a simple outline of your the types of things you hope to publish.</p>
<!-- /wp:paragraph -->

<!-- wp:paragraph -->
<p>To help you get started, here are a few questions: </p>
<!-- /wp:paragraph -->

<!-- wp:list -->
<ul><li>Why are you blogging publicly, rather than keeping a personal journal?</li><li>What topics do you think you’ll write about?</li><li>Who would you love to connect with via your blog?</li><li>If you blog successfully throughout the next year, what would you hope to have accomplished? </li></ul>
<!-- /wp:list -->

<!-- wp:paragraph -->
<p>You’re not locked into any of this; one of the wonderful things about blogs is how they constantly evolve as we learn, grow, and interact with one another — but it’s good to know where and why you started, and articulating your goals may just give you a few other post ideas.</p>
<!-- /wp:paragraph -->

<!-- wp:paragraph -->
<p>Can’t think how to get started? Just write the first thing that pops into your head. Anne Lamott, author of a book on writing we love, says that you need to give yourself permission to write a “crappy first draft”. Anne makes a great point — just start writing, and worry about editing it later.</p>
<!-- /wp:paragraph -->

<!-- wp:paragraph -->
<p>When you’re ready to publish, give your post three to five tags that describe your blog’s focus — writing, photography, fiction, parenting, food, cars, movies, sports, whatever. These tags will help others who care about your topics find you in the Reader. Make sure one of the tags is “zerotohero,” so other new bloggers can find you, too.</p>
<!-- /wp:paragraph -->]]></content:encoded>
		<excerpt:encoded><![CDATA[]]></excerpt:encoded>
		<wp:post_id>10</wp:post_id>
		<wp:post_date>2020-08-19 19:23:53</wp:post_date>
		<wp:post_date_gmt>2020-08-19 19:23:53</wp:post_date_gmt>
		<wp:comment_status>open</wp:comment_status>
		<wp:ping_status>open</wp:ping_status>
		<wp:post_name>example-post-2</wp:post_name>
		<wp:status>publish</wp:status>
		<wp:post_parent>0</wp:post_parent>
		<wp:menu_order>0</wp:menu_order>
		<wp:post_type>post</wp:post_type>
		<wp:post_password></wp:post_password>
		<wp:is_sticky>0</wp:is_sticky>
		<category domain="category" nicename="uncategorized"><![CDATA[Uncategorized]]></category>
		<wp:postmeta>
			<wp:meta_key>_headstart_post</wp:meta_key>
			<wp:meta_value><![CDATA[_hs_extra]]></wp:meta_value>
		</wp:postmeta>
		<wp:postmeta>
			<wp:meta_key>sharing_disabled</wp:meta_key>
			<wp:meta_value><![CDATA[a:1:{i:0;N;}]]></wp:meta_value>
		</wp:postmeta>
		<wp:postmeta>
			<wp:meta_key>switch_like_status</wp:meta_key>
			<wp:meta_value><![CDATA[a:1:{i:0;N;}]]></wp:meta_value>
		</wp:postmeta>
		<wp:postmeta>
			<wp:meta_key>_starter_page_template</wp:meta_key>
			<wp:meta_value><![CDATA[]]></wp:meta_value>
		</wp:postmeta>
		<wp:postmeta>
			<wp:meta_key>_wpas_skip_all_services</wp:meta_key>
			<wp:meta_value><![CDATA[1]]></wp:meta_value>
		</wp:postmeta>
		<wp:postmeta>
			<wp:meta_key>_publicize_pending</wp:meta_key>
			<wp:meta_value><![CDATA[1]]></wp:meta_value>
		</wp:postmeta>
	</item>
	<item>
		<title>A Flash of Light on Gun Violence</title>
		<link>https://slaughtergaddyandrosenthal.wordpress.com/2020/08/19/example-post/</link>
		<pubDate>Wed, 19 Aug 2020 19:23:52 +0000</pubDate>
		<dc:creator>sparkyflint</dc:creator>
		<guid isPermaLink="false">https://slaughtergaddyandrosenthal.wordpress.com/?p=11</guid>
		<description></description>
		<content:encoded><![CDATA[<!-- wp:paragraph -->
<p><em><strong>Studdert DM et al. Handgun ownership and suicide in California. N Engl J Med 382;2020:2220-2229. doi: 10.1056/NEJMsa1916744.</strong></em></p>
<!-- /wp:paragraph -->

<!-- wp:paragraph -->
<p><strong>Take-Home Lesson: </strong>New handgun ownership increases risk of suicide, especially for women.</p>
<!-- /wp:paragraph -->

<!-- wp:paragraph -->
<p><strong>Background:</strong> The purchase of guns for protection appears has become part of the ethos of the United States, yet access to guns has also long been recognized as a risk factor for suicide, most particularly in men. Although access to guns is believed to be a major health issue, research on the topic has been curtailed for political, ideological and commercial reasons. Studdert et al. here report an extensive study of the effect of handgun ownership on the risk of suicide.</p>
<!-- /wp:paragraph -->

<!-- wp:paragraph -->
<p><strong>Approach &amp; Results:</strong> The authors track a cohort of California residents over a 12-year period using the California Statewide Voter Registration Database. They follow lawful transfers of firearms during the study period and the preceding 20 years using the Dealer Record of Sale database (which includes information about transfers as people move to California with firearms). They study information about deaths as recorded in detail in the California Death Statistical Master Files.</p>
<!-- /wp:paragraph -->

<!-- wp:paragraph -->
<p>There were 6691 suicides by firearm during the study period. Men accounted for 70% of the suicides, and 83% of the suicides by firearm. Handgun owners had lower rates of all-cause mortality than non-owners (possibly partly because purchase requires a trip to the dealer, implying mobility, and partly because guns are expensive, implying wealth), but higher rates of suicide: 3x higher among males, 7x higher in females, mostly attributable to suicide by firearm. The rate of suicide by firearm among female handgun owners was 35x higher than that among female non-owners.</p>
<!-- /wp:paragraph -->

<!-- wp:paragraph -->
<p>California has a mandatory 10-day waiting period for taking possession of a firearm. Fourteen percent of the suicides among firearm owners occurred during the 30 days immediately following eligibility to take ownership, suggesting intent. Suicide rate among owners declined thereafter, but still 52% of all suicides by firearm among owners occurred during the first year of ownership.</p>
<!-- /wp:paragraph -->

<!-- wp:paragraph -->
<p>Concerning generalizability of the findings, the authors caution that California has stricter gun laws than many states, including universal background checks, a waiting period, and prohibitions for severe mental illness. These factors may result in underestimation of the association between handgun ownership and suicide in other states.</p>
<!-- /wp:paragraph -->

<!-- wp:paragraph -->
<p><strong>Conclusions:</strong> Handgun ownership is associated with a major cause of preventable death, suicide by firearm. The risk is particularly high in the period immediately following the beginning of ownership, and women who are new owners of a gun are much more likely to die by suicide by firearm than are men who are new owners during that period.</p>
<!-- /wp:paragraph -->

<!-- wp:paragraph -->
<p><strong>Impact on Curriculum:</strong> This paper heightens awareness of the risk of suicide among gun owners, and draws particular attention to the risk immediately following new ownership and the risk as it affects women. The work represents a strong example of cohort analysis of risk. It is also by far the largest such analysis of the risk of suicide among first-time gun owners, an area widely recognized among scientists for its importance in public heath but under-studied as a result of external pressure.</p>
<!-- /wp:paragraph -->]]></content:encoded>
		<excerpt:encoded><![CDATA[]]></excerpt:encoded>
		<wp:post_id>11</wp:post_id>
		<wp:post_date>2020-08-19 19:23:52</wp:post_date>
		<wp:post_date_gmt>2020-08-19 19:23:52</wp:post_date_gmt>
		<wp:comment_status>open</wp:comment_status>
		<wp:ping_status>open</wp:ping_status>
		<wp:post_name>example-post</wp:post_name>
		<wp:status>publish</wp:status>
		<wp:post_parent>0</wp:post_parent>
		<wp:menu_order>0</wp:menu_order>
		<wp:post_type>post</wp:post_type>
		<wp:post_password></wp:post_password>
		<wp:is_sticky>0</wp:is_sticky>
		<category domain="category" nicename="uncategorized"><![CDATA[Uncategorized]]></category>
		<wp:postmeta>
			<wp:meta_key>sharing_disabled</wp:meta_key>
			<wp:meta_value><![CDATA[a:1:{i:0;N;}]]></wp:meta_value>
		</wp:postmeta>
		<wp:postmeta>
			<wp:meta_key>switch_like_status</wp:meta_key>
			<wp:meta_value><![CDATA[a:1:{i:0;N;}]]></wp:meta_value>
		</wp:postmeta>
		<wp:postmeta>
			<wp:meta_key>_starter_page_template</wp:meta_key>
			<wp:meta_value><![CDATA[]]></wp:meta_value>
		</wp:postmeta>
		<wp:postmeta>
			<wp:meta_key>_publicize_job_id</wp:meta_key>
			<wp:meta_value><![CDATA[47899822355]]></wp:meta_value>
		</wp:postmeta>
	</item>
	<item>
		<title></title>
		<link>https://slaughtergaddyandrosenthal.wordpress.com/2020/08/19/19/</link>
		<pubDate>Wed, 19 Aug 2020 19:28:59 +0000</pubDate>
		<dc:creator>sparkyflint</dc:creator>
		<guid isPermaLink="false">https://slaughtergaddyandrosenthal.wordpress.com/2020/08/19/19/</guid>
		<description></description>
		<content:encoded><![CDATA[ ]]></content:encoded>
		<excerpt:encoded><![CDATA[]]></excerpt:encoded>
		<wp:post_id>19</wp:post_id>
		<wp:post_date>2020-08-19 19:28:59</wp:post_date>
		<wp:post_date_gmt>2020-08-19 19:28:59</wp:post_date_gmt>
		<wp:comment_status>closed</wp:comment_status>
		<wp:ping_status>closed</wp:ping_status>
		<wp:post_name>19</wp:post_name>
		<wp:status>publish</wp:status>
		<wp:post_parent>0</wp:post_parent>
		<wp:menu_order>1</wp:menu_order>
		<wp:post_type>nav_menu_item</wp:post_type>
		<wp:post_password></wp:post_password>
		<wp:is_sticky>0</wp:is_sticky>
		<category domain="nav_menu" nicename="primary"><![CDATA[Primary]]></category>
		<wp:postmeta>
			<wp:meta_key>_publicize_pending</wp:meta_key>
			<wp:meta_value><![CDATA[1]]></wp:meta_value>
		</wp:postmeta>
		<wp:postmeta>
			<wp:meta_key>_menu_item_type</wp:meta_key>
			<wp:meta_value><![CDATA[post_type]]></wp:meta_value>
		</wp:postmeta>
		<wp:postmeta>
			<wp:meta_key>_menu_item_menu_item_parent</wp:meta_key>
			<wp:meta_value><![CDATA[0]]></wp:meta_value>
		</wp:postmeta>
		<wp:postmeta>
			<wp:meta_key>_menu_item_object_id</wp:meta_key>
			<wp:meta_value><![CDATA[5]]></wp:meta_value>
		</wp:postmeta>
		<wp:postmeta>
			<wp:meta_key>_menu_item_object</wp:meta_key>
			<wp:meta_value><![CDATA[page]]></wp:meta_value>
		</wp:postmeta>
		<wp:postmeta>
			<wp:meta_key>_menu_item_target</wp:meta_key>
			<wp:meta_value><![CDATA[]]></wp:meta_value>
		</wp:postmeta>
		<wp:postmeta>
			<wp:meta_key>_menu_item_classes</wp:meta_key>
			<wp:meta_value><![CDATA[a:1:{i:0;s:0:"";}]]></wp:meta_value>
		</wp:postmeta>
		<wp:postmeta>
			<wp:meta_key>_menu_item_xfn</wp:meta_key>
			<wp:meta_value><![CDATA[]]></wp:meta_value>
		</wp:postmeta>
		<wp:postmeta>
			<wp:meta_key>_menu_item_url</wp:meta_key>
			<wp:meta_value><![CDATA[]]></wp:meta_value>
		</wp:postmeta>
		<wp:postmeta>
			<wp:meta_key>_menu_item_content</wp:meta_key>
			<wp:meta_value><![CDATA[]]></wp:meta_value>
		</wp:postmeta>
	</item>
	<item>
		<title></title>
		<link>https://slaughtergaddyandrosenthal.wordpress.com/2020/08/19/20/</link>
		<pubDate>Wed, 19 Aug 2020 19:28:59 +0000</pubDate>
		<dc:creator>sparkyflint</dc:creator>
		<guid isPermaLink="false">https://slaughtergaddyandrosenthal.wordpress.com/2020/08/19/20/</guid>
		<description></description>
		<content:encoded><![CDATA[ ]]></content:encoded>
		<excerpt:encoded><![CDATA[]]></excerpt:encoded>
		<wp:post_id>20</wp:post_id>
		<wp:post_date>2020-08-19 19:28:59</wp:post_date>
		<wp:post_date_gmt>2020-08-19 19:28:59</wp:post_date_gmt>
		<wp:comment_status>closed</wp:comment_status>
		<wp:ping_status>closed</wp:ping_status>
		<wp:post_name>20</wp:post_name>
		<wp:status>publish</wp:status>
		<wp:post_parent>0</wp:post_parent>
		<wp:menu_order>2</wp:menu_order>
		<wp:post_type>nav_menu_item</wp:post_type>
		<wp:post_password></wp:post_password>
		<wp:is_sticky>0</wp:is_sticky>
		<category domain="nav_menu" nicename="primary"><![CDATA[Primary]]></category>
		<wp:postmeta>
			<wp:meta_key>_publicize_pending</wp:meta_key>
			<wp:meta_value><![CDATA[1]]></wp:meta_value>
		</wp:postmeta>
		<wp:postmeta>
			<wp:meta_key>_menu_item_type</wp:meta_key>
			<wp:meta_value><![CDATA[post_type]]></wp:meta_value>
		</wp:postmeta>
		<wp:postmeta>
			<wp:meta_key>_menu_item_menu_item_parent</wp:meta_key>
			<wp:meta_value><![CDATA[0]]></wp:meta_value>
		</wp:postmeta>
		<wp:postmeta>
			<wp:meta_key>_menu_item_object_id</wp:meta_key>
			<wp:meta_value><![CDATA[6]]></wp:meta_value>
		</wp:postmeta>
		<wp:postmeta>
			<wp:meta_key>_menu_item_object</wp:meta_key>
			<wp:meta_value><![CDATA[page]]></wp:meta_value>
		</wp:postmeta>
		<wp:postmeta>
			<wp:meta_key>_menu_item_target</wp:meta_key>
			<wp:meta_value><![CDATA[]]></wp:meta_value>
		</wp:postmeta>
		<wp:postmeta>
			<wp:meta_key>_menu_item_classes</wp:meta_key>
			<wp:meta_value><![CDATA[a:1:{i:0;s:0:"";}]]></wp:meta_value>
		</wp:postmeta>
		<wp:postmeta>
			<wp:meta_key>_menu_item_xfn</wp:meta_key>
			<wp:meta_value><![CDATA[]]></wp:meta_value>
		</wp:postmeta>
		<wp:postmeta>
			<wp:meta_key>_menu_item_url</wp:meta_key>
			<wp:meta_value><![CDATA[]]></wp:meta_value>
		</wp:postmeta>
		<wp:postmeta>
			<wp:meta_key>_menu_item_content</wp:meta_key>
			<wp:meta_value><![CDATA[]]></wp:meta_value>
		</wp:postmeta>
	</item>
	<item>
		<title></title>
		<link>https://slaughtergaddyandrosenthal.wordpress.com/2020/08/19/21/</link>
		<pubDate>Wed, 19 Aug 2020 19:28:59 +0000</pubDate>
		<dc:creator>sparkyflint</dc:creator>
		<guid isPermaLink="false">https://slaughtergaddyandrosenthal.wordpress.com/2020/08/19/21/</guid>
		<description></description>
		<content:encoded><![CDATA[ ]]></content:encoded>
		<excerpt:encoded><![CDATA[]]></excerpt:encoded>
		<wp:post_id>21</wp:post_id>
		<wp:post_date>2020-08-19 19:28:59</wp:post_date>
		<wp:post_date_gmt>2020-08-19 19:28:59</wp:post_date_gmt>
		<wp:comment_status>closed</wp:comment_status>
		<wp:ping_status>closed</wp:ping_status>
		<wp:post_name>21</wp:post_name>
		<wp:status>publish</wp:status>
		<wp:post_parent>0</wp:post_parent>
		<wp:menu_order>3</wp:menu_order>
		<wp:post_type>nav_menu_item</wp:post_type>
		<wp:post_password></wp:post_password>
		<wp:is_sticky>0</wp:is_sticky>
		<category domain="nav_menu" nicename="primary"><![CDATA[Primary]]></category>
		<wp:postmeta>
			<wp:meta_key>_publicize_pending</wp:meta_key>
			<wp:meta_value><![CDATA[1]]></wp:meta_value>
		</wp:postmeta>
		<wp:postmeta>
			<wp:meta_key>_menu_item_type</wp:meta_key>
			<wp:meta_value><![CDATA[post_type]]></wp:meta_value>
		</wp:postmeta>
		<wp:postmeta>
			<wp:meta_key>_menu_item_menu_item_parent</wp:meta_key>
			<wp:meta_value><![CDATA[0]]></wp:meta_value>
		</wp:postmeta>
		<wp:postmeta>
			<wp:meta_key>_menu_item_object_id</wp:meta_key>
			<wp:meta_value><![CDATA[8]]></wp:meta_value>
		</wp:postmeta>
		<wp:postmeta>
			<wp:meta_key>_menu_item_object</wp:meta_key>
			<wp:meta_value><![CDATA[page]]></wp:meta_value>
		</wp:postmeta>
		<wp:postmeta>
			<wp:meta_key>_menu_item_target</wp:meta_key>
			<wp:meta_value><![CDATA[]]></wp:meta_value>
		</wp:postmeta>
		<wp:postmeta>
			<wp:meta_key>_menu_item_classes</wp:meta_key>
			<wp:meta_value><![CDATA[a:1:{i:0;s:0:"";}]]></wp:meta_value>
		</wp:postmeta>
		<wp:postmeta>
			<wp:meta_key>_menu_item_xfn</wp:meta_key>
			<wp:meta_value><![CDATA[]]></wp:meta_value>
		</wp:postmeta>
		<wp:postmeta>
			<wp:meta_key>_menu_item_url</wp:meta_key>
			<wp:meta_value><![CDATA[]]></wp:meta_value>
		</wp:postmeta>
		<wp:postmeta>
			<wp:meta_key>_menu_item_content</wp:meta_key>
			<wp:meta_value><![CDATA[]]></wp:meta_value>
		</wp:postmeta>
	</item>
	<item>
		<title>Facebook</title>
		<link>https://slaughtergaddyandrosenthal.wordpress.com/2020/08/19/facebook/</link>
		<pubDate>Wed, 19 Aug 2020 19:29:00 +0000</pubDate>
		<dc:creator>sparkyflint</dc:creator>
		<guid isPermaLink="false">https://slaughtergaddyandrosenthal.wordpress.com/2020/08/19/facebook/</guid>
		<description></description>
		<content:encoded><![CDATA[]]></content:encoded>
		<excerpt:encoded><![CDATA[]]></excerpt:encoded>
		<wp:post_id>23</wp:post_id>
		<wp:post_date>2020-08-19 19:29:00</wp:post_date>
		<wp:post_date_gmt>2020-08-19 19:29:00</wp:post_date_gmt>
		<wp:comment_status>closed</wp:comment_status>
		<wp:ping_status>closed</wp:ping_status>
		<wp:post_name>facebook</wp:post_name>
		<wp:status>publish</wp:status>
		<wp:post_parent>0</wp:post_parent>
		<wp:menu_order>1</wp:menu_order>
		<wp:post_type>nav_menu_item</wp:post_type>
		<wp:post_password></wp:post_password>
		<wp:is_sticky>0</wp:is_sticky>
		<category domain="nav_menu" nicename="social"><![CDATA[Social]]></category>
		<wp:postmeta>
			<wp:meta_key>_publicize_pending</wp:meta_key>
			<wp:meta_value><![CDATA[1]]></wp:meta_value>
		</wp:postmeta>
		<wp:postmeta>
			<wp:meta_key>_menu_item_type</wp:meta_key>
			<wp:meta_value><![CDATA[custom]]></wp:meta_value>
		</wp:postmeta>
		<wp:postmeta>
			<wp:meta_key>_menu_item_menu_item_parent</wp:meta_key>
			<wp:meta_value><![CDATA[0]]></wp:meta_value>
		</wp:postmeta>
		<wp:postmeta>
			<wp:meta_key>_menu_item_object_id</wp:meta_key>
			<wp:meta_value><![CDATA[23]]></wp:meta_value>
		</wp:postmeta>
		<wp:postmeta>
			<wp:meta_key>_menu_item_object</wp:meta_key>
			<wp:meta_value><![CDATA[custom]]></wp:meta_value>
		</wp:postmeta>
		<wp:postmeta>
			<wp:meta_key>_menu_item_target</wp:meta_key>
			<wp:meta_value><![CDATA[]]></wp:meta_value>
		</wp:postmeta>
		<wp:postmeta>
			<wp:meta_key>_menu_item_classes</wp:meta_key>
			<wp:meta_value><![CDATA[a:1:{i:0;s:0:"";}]]></wp:meta_value>
		</wp:postmeta>
		<wp:postmeta>
			<wp:meta_key>_menu_item_xfn</wp:meta_key>
			<wp:meta_value><![CDATA[]]></wp:meta_value>
		</wp:postmeta>
		<wp:postmeta>
			<wp:meta_key>_menu_item_url</wp:meta_key>
			<wp:meta_value><![CDATA[https://facebook.com]]></wp:meta_value>
		</wp:postmeta>
		<wp:postmeta>
			<wp:meta_key>_menu_item_content</wp:meta_key>
			<wp:meta_value><![CDATA[]]></wp:meta_value>
		</wp:postmeta>
	</item>
	<item>
		<title>Twitter</title>
		<link>https://slaughtergaddyandrosenthal.wordpress.com/2020/08/19/twitter/</link>
		<pubDate>Wed, 19 Aug 2020 19:29:00 +0000</pubDate>
		<dc:creator>sparkyflint</dc:creator>
		<guid isPermaLink="false">https://slaughtergaddyandrosenthal.wordpress.com/2020/08/19/twitter/</guid>
		<description></description>
		<content:encoded><![CDATA[]]></content:encoded>
		<excerpt:encoded><![CDATA[]]></excerpt:encoded>
		<wp:post_id>24</wp:post_id>
		<wp:post_date>2020-08-19 19:29:00</wp:post_date>
		<wp:post_date_gmt>2020-08-19 19:29:00</wp:post_date_gmt>
		<wp:comment_status>closed</wp:comment_status>
		<wp:ping_status>closed</wp:ping_status>
		<wp:post_name>twitter</wp:post_name>
		<wp:status>publish</wp:status>
		<wp:post_parent>0</wp:post_parent>
		<wp:menu_order>2</wp:menu_order>
		<wp:post_type>nav_menu_item</wp:post_type>
		<wp:post_password></wp:post_password>
		<wp:is_sticky>0</wp:is_sticky>
		<category domain="nav_menu" nicename="social"><![CDATA[Social]]></category>
		<wp:postmeta>
			<wp:meta_key>_publicize_pending</wp:meta_key>
			<wp:meta_value><![CDATA[1]]></wp:meta_value>
		</wp:postmeta>
		<wp:postmeta>
			<wp:meta_key>_menu_item_type</wp:meta_key>
			<wp:meta_value><![CDATA[custom]]></wp:meta_value>
		</wp:postmeta>
		<wp:postmeta>
			<wp:meta_key>_menu_item_menu_item_parent</wp:meta_key>
			<wp:meta_value><![CDATA[0]]></wp:meta_value>
		</wp:postmeta>
		<wp:postmeta>
			<wp:meta_key>_menu_item_object_id</wp:meta_key>
			<wp:meta_value><![CDATA[24]]></wp:meta_value>
		</wp:postmeta>
		<wp:postmeta>
			<wp:meta_key>_menu_item_object</wp:meta_key>
			<wp:meta_value><![CDATA[custom]]></wp:meta_value>
		</wp:postmeta>
		<wp:postmeta>
			<wp:meta_key>_menu_item_target</wp:meta_key>
			<wp:meta_value><![CDATA[]]></wp:meta_value>
		</wp:postmeta>
		<wp:postmeta>
			<wp:meta_key>_menu_item_classes</wp:meta_key>
			<wp:meta_value><![CDATA[a:1:{i:0;s:0:"";}]]></wp:meta_value>
		</wp:postmeta>
		<wp:postmeta>
			<wp:meta_key>_menu_item_xfn</wp:meta_key>
			<wp:meta_value><![CDATA[]]></wp:meta_value>
		</wp:postmeta>
		<wp:postmeta>
			<wp:meta_key>_menu_item_url</wp:meta_key>
			<wp:meta_value><![CDATA[https://twitter.com]]></wp:meta_value>
		</wp:postmeta>
		<wp:postmeta>
			<wp:meta_key>_menu_item_content</wp:meta_key>
			<wp:meta_value><![CDATA[]]></wp:meta_value>
		</wp:postmeta>
	</item>
	<item>
		<title>Instagram</title>
		<link>https://slaughtergaddyandrosenthal.wordpress.com/2020/08/19/instagram/</link>
		<pubDate>Wed, 19 Aug 2020 19:29:00 +0000</pubDate>
		<dc:creator>sparkyflint</dc:creator>
		<guid isPermaLink="false">https://slaughtergaddyandrosenthal.wordpress.com/2020/08/19/instagram/</guid>
		<description></description>
		<content:encoded><![CDATA[]]></content:encoded>
		<excerpt:encoded><![CDATA[]]></excerpt:encoded>
		<wp:post_id>25</wp:post_id>
		<wp:post_date>2020-08-19 19:29:00</wp:post_date>
		<wp:post_date_gmt>2020-08-19 19:29:00</wp:post_date_gmt>
		<wp:comment_status>closed</wp:comment_status>
		<wp:ping_status>closed</wp:ping_status>
		<wp:post_name>instagram</wp:post_name>
		<wp:status>publish</wp:status>
		<wp:post_parent>0</wp:post_parent>
		<wp:menu_order>3</wp:menu_order>
		<wp:post_type>nav_menu_item</wp:post_type>
		<wp:post_password></wp:post_password>
		<wp:is_sticky>0</wp:is_sticky>
		<category domain="nav_menu" nicename="social"><![CDATA[Social]]></category>
		<wp:postmeta>
			<wp:meta_key>_publicize_pending</wp:meta_key>
			<wp:meta_value><![CDATA[1]]></wp:meta_value>
		</wp:postmeta>
		<wp:postmeta>
			<wp:meta_key>_menu_item_type</wp:meta_key>
			<wp:meta_value><![CDATA[custom]]></wp:meta_value>
		</wp:postmeta>
		<wp:postmeta>
			<wp:meta_key>_menu_item_menu_item_parent</wp:meta_key>
			<wp:meta_value><![CDATA[0]]></wp:meta_value>
		</wp:postmeta>
		<wp:postmeta>
			<wp:meta_key>_menu_item_object_id</wp:meta_key>
			<wp:meta_value><![CDATA[25]]></wp:meta_value>
		</wp:postmeta>
		<wp:postmeta>
			<wp:meta_key>_menu_item_object</wp:meta_key>
			<wp:meta_value><![CDATA[custom]]></wp:meta_value>
		</wp:postmeta>
		<wp:postmeta>
			<wp:meta_key>_menu_item_target</wp:meta_key>
			<wp:meta_value><![CDATA[]]></wp:meta_value>
		</wp:postmeta>
		<wp:postmeta>
			<wp:meta_key>_menu_item_classes</wp:meta_key>
			<wp:meta_value><![CDATA[a:1:{i:0;s:0:"";}]]></wp:meta_value>
		</wp:postmeta>
		<wp:postmeta>
			<wp:meta_key>_menu_item_xfn</wp:meta_key>
			<wp:meta_value><![CDATA[]]></wp:meta_value>
		</wp:postmeta>
		<wp:postmeta>
			<wp:meta_key>_menu_item_url</wp:meta_key>
			<wp:meta_value><![CDATA[https://instagram.com]]></wp:meta_value>
		</wp:postmeta>
		<wp:postmeta>
			<wp:meta_key>_menu_item_content</wp:meta_key>
			<wp:meta_value><![CDATA[]]></wp:meta_value>
		</wp:postmeta>
	</item>
	<item>
		<title>Pinterest</title>
		<link>https://slaughtergaddyandrosenthal.wordpress.com/2020/08/19/pinterest/</link>
		<pubDate>Wed, 19 Aug 2020 19:29:00 +0000</pubDate>
		<dc:creator>sparkyflint</dc:creator>
		<guid isPermaLink="false">https://slaughtergaddyandrosenthal.wordpress.com/2020/08/19/pinterest/</guid>
		<description></description>
		<content:encoded><![CDATA[]]></content:encoded>
		<excerpt:encoded><![CDATA[]]></excerpt:encoded>
		<wp:post_id>26</wp:post_id>
		<wp:post_date>2020-08-19 19:29:00</wp:post_date>
		<wp:post_date_gmt>2020-08-19 19:29:00</wp:post_date_gmt>
		<wp:comment_status>closed</wp:comment_status>
		<wp:ping_status>closed</wp:ping_status>
		<wp:post_name>pinterest</wp:post_name>
		<wp:status>publish</wp:status>
		<wp:post_parent>0</wp:post_parent>
		<wp:menu_order>4</wp:menu_order>
		<wp:post_type>nav_menu_item</wp:post_type>
		<wp:post_password></wp:post_password>
		<wp:is_sticky>0</wp:is_sticky>
		<category domain="nav_menu" nicename="social"><![CDATA[Social]]></category>
		<wp:postmeta>
			<wp:meta_key>_publicize_pending</wp:meta_key>
			<wp:meta_value><![CDATA[1]]></wp:meta_value>
		</wp:postmeta>
		<wp:postmeta>
			<wp:meta_key>_menu_item_type</wp:meta_key>
			<wp:meta_value><![CDATA[custom]]></wp:meta_value>
		</wp:postmeta>
		<wp:postmeta>
			<wp:meta_key>_menu_item_menu_item_parent</wp:meta_key>
			<wp:meta_value><![CDATA[0]]></wp:meta_value>
		</wp:postmeta>
		<wp:postmeta>
			<wp:meta_key>_menu_item_object_id</wp:meta_key>
			<wp:meta_value><![CDATA[26]]></wp:meta_value>
		</wp:postmeta>
		<wp:postmeta>
			<wp:meta_key>_menu_item_object</wp:meta_key>
			<wp:meta_value><![CDATA[custom]]></wp:meta_value>
		</wp:postmeta>
		<wp:postmeta>
			<wp:meta_key>_menu_item_target</wp:meta_key>
			<wp:meta_value><![CDATA[]]></wp:meta_value>
		</wp:postmeta>
		<wp:postmeta>
			<wp:meta_key>_menu_item_classes</wp:meta_key>
			<wp:meta_value><![CDATA[a:1:{i:0;s:0:"";}]]></wp:meta_value>
		</wp:postmeta>
		<wp:postmeta>
			<wp:meta_key>_menu_item_xfn</wp:meta_key>
			<wp:meta_value><![CDATA[]]></wp:meta_value>
		</wp:postmeta>
		<wp:postmeta>
			<wp:meta_key>_menu_item_url</wp:meta_key>
			<wp:meta_value><![CDATA[https://pinterest.com]]></wp:meta_value>
		</wp:postmeta>
		<wp:postmeta>
			<wp:meta_key>_menu_item_content</wp:meta_key>
			<wp:meta_value><![CDATA[]]></wp:meta_value>
		</wp:postmeta>
	</item>
	<item>
		<title>WordPress</title>
		<link>https://slaughtergaddyandrosenthal.wordpress.com/2020/08/19/wordpress/</link>
		<pubDate>Wed, 19 Aug 2020 19:29:00 +0000</pubDate>
		<dc:creator>sparkyflint</dc:creator>
		<guid isPermaLink="false">https://slaughtergaddyandrosenthal.wordpress.com/2020/08/19/wordpress/</guid>
		<description></description>
		<content:encoded><![CDATA[]]></content:encoded>
		<excerpt:encoded><![CDATA[]]></excerpt:encoded>
		<wp:post_id>27</wp:post_id>
		<wp:post_date>2020-08-19 19:29:00</wp:post_date>
		<wp:post_date_gmt>2020-08-19 19:29:00</wp:post_date_gmt>
		<wp:comment_status>closed</wp:comment_status>
		<wp:ping_status>closed</wp:ping_status>
		<wp:post_name>wordpress</wp:post_name>
		<wp:status>publish</wp:status>
		<wp:post_parent>0</wp:post_parent>
		<wp:menu_order>5</wp:menu_order>
		<wp:post_type>nav_menu_item</wp:post_type>
		<wp:post_password></wp:post_password>
		<wp:is_sticky>0</wp:is_sticky>
		<category domain="nav_menu" nicename="social"><![CDATA[Social]]></category>
		<wp:postmeta>
			<wp:meta_key>_publicize_pending</wp:meta_key>
			<wp:meta_value><![CDATA[1]]></wp:meta_value>
		</wp:postmeta>
		<wp:postmeta>
			<wp:meta_key>_menu_item_type</wp:meta_key>
			<wp:meta_value><![CDATA[custom]]></wp:meta_value>
		</wp:postmeta>
		<wp:postmeta>
			<wp:meta_key>_menu_item_menu_item_parent</wp:meta_key>
			<wp:meta_value><![CDATA[0]]></wp:meta_value>
		</wp:postmeta>
		<wp:postmeta>
			<wp:meta_key>_menu_item_object_id</wp:meta_key>
			<wp:meta_value><![CDATA[27]]></wp:meta_value>
		</wp:postmeta>
		<wp:postmeta>
			<wp:meta_key>_menu_item_object</wp:meta_key>
			<wp:meta_value><![CDATA[custom]]></wp:meta_value>
		</wp:postmeta>
		<wp:postmeta>
			<wp:meta_key>_menu_item_target</wp:meta_key>
			<wp:meta_value><![CDATA[]]></wp:meta_value>
		</wp:postmeta>
		<wp:postmeta>
			<wp:meta_key>_menu_item_classes</wp:meta_key>
			<wp:meta_value><![CDATA[a:1:{i:0;s:0:"";}]]></wp:meta_value>
		</wp:postmeta>
		<wp:postmeta>
			<wp:meta_key>_menu_item_xfn</wp:meta_key>
			<wp:meta_value><![CDATA[]]></wp:meta_value>
		</wp:postmeta>
		<wp:postmeta>
			<wp:meta_key>_menu_item_url</wp:meta_key>
			<wp:meta_value><![CDATA[https://wordpress.com]]></wp:meta_value>
		</wp:postmeta>
		<wp:postmeta>
			<wp:meta_key>_menu_item_content</wp:meta_key>
			<wp:meta_value><![CDATA[]]></wp:meta_value>
		</wp:postmeta>
	</item>
	<item>
		<title>Placeholder Image</title>
		<link>https://slaughtergaddyandrosenthal.wordpress.com/placeholder-image/</link>
		<pubDate>Wed, 19 Aug 2020 19:29:00 +0000</pubDate>
		<dc:creator>sparkyflint</dc:creator>
		<guid isPermaLink="false">http://slaughtergaddyandrosenthal.files.wordpress.com/2020/08/qi-bin-w4hbafegiac-unsplash.jpg</guid>
		<description></description>
		<content:encoded><![CDATA[]]></content:encoded>
		<excerpt:encoded><![CDATA[]]></excerpt:encoded>
		<wp:post_id>28</wp:post_id>
		<wp:post_date>2020-08-19 15:29:00</wp:post_date>
		<wp:post_date_gmt>2020-08-19 19:29:00</wp:post_date_gmt>
		<wp:comment_status>open</wp:comment_status>
		<wp:ping_status>closed</wp:ping_status>
		<wp:post_name>placeholder-image</wp:post_name>
		<wp:status>inherit</wp:status>
		<wp:post_parent>0</wp:post_parent>
		<wp:menu_order>0</wp:menu_order>
		<wp:post_type>attachment</wp:post_type>
		<wp:post_password></wp:post_password>
		<wp:is_sticky>0</wp:is_sticky>
		<wp:attachment_url>https://slaughtergaddyandrosenthal.files.wordpress.com/2020/08/qi-bin-w4hbafegiac-unsplash.jpg</wp:attachment_url>
		<wp:postmeta>
			<wp:meta_key>_wp_attached_file</wp:meta_key>
			<wp:meta_value><![CDATA[/home/wpcom/public_html/wp-content/blogs.dir/72c/181759239/files/2020/08/qi-bin-w4hbafegiac-unsplash.jpg]]></wp:meta_value>
		</wp:postmeta>
		<wp:postmeta>
			<wp:meta_key>_wp_attachment_metadata</wp:meta_key>
			<wp:meta_value><![CDATA[a:6:{s:5:"width";i:1600;s:6:"height";i:1066;s:4:"file";s:104:"/home/wpcom/public_html/wp-content/blogs.dir/72c/181759239/files/2020/08/qi-bin-w4hbafegiac-unsplash.jpg";s:5:"sizes";a:0:{}s:10:"image_meta";a:12:{s:8:"aperture";s:1:"0";s:6:"credit";s:0:"";s:6:"camera";s:0:"";s:7:"caption";s:0:"";s:17:"created_timestamp";s:1:"0";s:9:"copyright";s:0:"";s:12:"focal_length";s:1:"0";s:3:"iso";s:1:"0";s:13:"shutter_speed";s:1:"0";s:5:"title";s:0:"";s:11:"orientation";s:1:"0";s:8:"keywords";a:0:{}}s:8:"filesize";i:50995;}]]></wp:meta_value>
		</wp:postmeta>
	</item>
	<item>
		<title>Placeholder Image</title>
		<link>https://slaughtergaddyandrosenthal.wordpress.com/placeholder-image-2/</link>
		<pubDate>Wed, 19 Aug 2020 19:29:01 +0000</pubDate>
		<dc:creator>sparkyflint</dc:creator>
		<guid isPermaLink="false">http://slaughtergaddyandrosenthal.files.wordpress.com/2020/08/rachel-pfuetzner-0fn7fxv1ewa-unsplash.jpg</guid>
		<description></description>
		<content:encoded><![CDATA[]]></content:encoded>
		<excerpt:encoded><![CDATA[]]></excerpt:encoded>
		<wp:post_id>29</wp:post_id>
		<wp:post_date>2020-08-19 15:29:01</wp:post_date>
		<wp:post_date_gmt>2020-08-19 19:29:01</wp:post_date_gmt>
		<wp:comment_status>open</wp:comment_status>
		<wp:ping_status>closed</wp:ping_status>
		<wp:post_name>placeholder-image-2</wp:post_name>
		<wp:status>inherit</wp:status>
		<wp:post_parent>0</wp:post_parent>
		<wp:menu_order>0</wp:menu_order>
		<wp:post_type>attachment</wp:post_type>
		<wp:post_password></wp:post_password>
		<wp:is_sticky>0</wp:is_sticky>
		<wp:attachment_url>https://slaughtergaddyandrosenthal.files.wordpress.com/2020/08/rachel-pfuetzner-0fn7fxv1ewa-unsplash.jpg</wp:attachment_url>
		<wp:postmeta>
			<wp:meta_key>_wp_attached_file</wp:meta_key>
			<wp:meta_value><![CDATA[/home/wpcom/public_html/wp-content/blogs.dir/72c/181759239/files/2020/08/rachel-pfuetzner-0fn7fxv1ewa-unsplash.jpg]]></wp:meta_value>
		</wp:postmeta>
		<wp:postmeta>
			<wp:meta_key>_wp_attachment_metadata</wp:meta_key>
			<wp:meta_value><![CDATA[a:6:{s:5:"width";i:1560;s:6:"height";i:1560;s:4:"file";s:114:"/home/wpcom/public_html/wp-content/blogs.dir/72c/181759239/files/2020/08/rachel-pfuetzner-0fn7fxv1ewa-unsplash.jpg";s:5:"sizes";a:0:{}s:10:"image_meta";a:12:{s:8:"aperture";s:1:"0";s:6:"credit";s:0:"";s:6:"camera";s:0:"";s:7:"caption";s:0:"";s:17:"created_timestamp";s:1:"0";s:9:"copyright";s:0:"";s:12:"focal_length";s:1:"0";s:3:"iso";s:1:"0";s:13:"shutter_speed";s:1:"0";s:5:"title";s:0:"";s:11:"orientation";s:1:"1";s:8:"keywords";a:0:{}}s:8:"filesize";i:56258;}]]></wp:meta_value>
		</wp:postmeta>
	</item>
	<item>
		<title>cropped-qi-bin-w4hbafegiac-unsplash.jpg</title>
		<link>https://slaughtergaddyandrosenthal.wordpress.com/cropped-qi-bin-w4hbafegiac-unsplash-jpg/</link>
		<pubDate>Wed, 19 Aug 2020 20:01:41 +0000</pubDate>
		<dc:creator>sparkyflint</dc:creator>
		<guid isPermaLink="false">https://slaughtergaddyandrosenthal.files.wordpress.com/2020/08/cropped-qi-bin-w4hbafegiac-unsplash.jpg</guid>
		<description></description>
		<content:encoded><![CDATA[]]></content:encoded>
		<excerpt:encoded><![CDATA[]]></excerpt:encoded>
		<wp:post_id>45</wp:post_id>
		<wp:post_date>2020-08-19 16:01:41</wp:post_date>
		<wp:post_date_gmt>2020-08-19 20:01:41</wp:post_date_gmt>
		<wp:comment_status>open</wp:comment_status>
		<wp:ping_status>closed</wp:ping_status>
		<wp:post_name>cropped-qi-bin-w4hbafegiac-unsplash-jpg</wp:post_name>
		<wp:status>inherit</wp:status>
		<wp:post_parent>0</wp:post_parent>
		<wp:menu_order>0</wp:menu_order>
		<wp:post_type>attachment</wp:post_type>
		<wp:post_password></wp:post_password>
		<wp:is_sticky>0</wp:is_sticky>
		<wp:attachment_url>https://slaughtergaddyandrosenthal.files.wordpress.com/2020/08/cropped-qi-bin-w4hbafegiac-unsplash.jpg</wp:attachment_url>
		<wp:postmeta>
			<wp:meta_key>_wp_attached_file</wp:meta_key>
			<wp:meta_value><![CDATA[/home/wpcom/public_html/wp-content/blogs.dir/72c/181759239/files/2020/08/cropped-qi-bin-w4hbafegiac-unsplash.jpg]]></wp:meta_value>
		</wp:postmeta>
		<wp:postmeta>
			<wp:meta_key>_wp_attachment_context</wp:meta_key>
			<wp:meta_value><![CDATA[custom-header]]></wp:meta_value>
		</wp:postmeta>
		<wp:postmeta>
			<wp:meta_key>_wp_attachment_metadata</wp:meta_key>
			<wp:meta_value><![CDATA[a:7:{s:5:"width";i:1140;s:6:"height";i:223;s:4:"file";s:112:"/home/wpcom/public_html/wp-content/blogs.dir/72c/181759239/files/2020/08/cropped-qi-bin-w4hbafegiac-unsplash.jpg";s:5:"sizes";a:0:{}s:10:"image_meta";a:12:{s:8:"aperture";s:1:"0";s:6:"credit";s:0:"";s:6:"camera";s:0:"";s:7:"caption";s:0:"";s:17:"created_timestamp";s:1:"0";s:9:"copyright";s:0:"";s:12:"focal_length";s:1:"0";s:3:"iso";s:1:"0";s:13:"shutter_speed";s:1:"0";s:5:"title";s:0:"";s:11:"orientation";s:1:"0";s:8:"keywords";a:0:{}}s:8:"filesize";i:17496;s:17:"attachment_parent";i:28;}]]></wp:meta_value>
		</wp:postmeta>
		<wp:postmeta>
			<wp:meta_key>_wp_attachment_custom_header_last_used_pub/rebalance</wp:meta_key>
			<wp:meta_value><![CDATA[1597867347]]></wp:meta_value>
		</wp:postmeta>
		<wp:postmeta>
			<wp:meta_key>_wp_attachment_is_custom_header</wp:meta_key>
			<wp:meta_value><![CDATA[pub/rebalance]]></wp:meta_value>
		</wp:postmeta>
	</item>
	<item>
		<title>ugamed_2338</title>
		<link>https://slaughtergaddyandrosenthal.wordpress.com/ugamed_2338/</link>
		<pubDate>Wed, 19 Aug 2020 20:03:52 +0000</pubDate>
		<dc:creator>sparkyflint</dc:creator>
		<guid isPermaLink="false">http://slaughtergaddyandrosenthal.files.wordpress.com/2020/08/ugamed_2338.jpg</guid>
		<description></description>
		<content:encoded><![CDATA[]]></content:encoded>
		<excerpt:encoded><![CDATA[]]></excerpt:encoded>
		<wp:post_id>47</wp:post_id>
		<wp:post_date>2020-08-19 16:03:52</wp:post_date>
		<wp:post_date_gmt>2020-08-19 20:03:52</wp:post_date_gmt>
		<wp:comment_status>open</wp:comment_status>
		<wp:ping_status>closed</wp:ping_status>
		<wp:post_name>ugamed_2338</wp:post_name>
		<wp:status>inherit</wp:status>
		<wp:post_parent>0</wp:post_parent>
		<wp:menu_order>0</wp:menu_order>
		<wp:post_type>attachment</wp:post_type>
		<wp:post_password></wp:post_password>
		<wp:is_sticky>0</wp:is_sticky>
		<wp:attachment_url>https://slaughtergaddyandrosenthal.files.wordpress.com/2020/08/ugamed_2338.jpg</wp:attachment_url>
		<wp:postmeta>
			<wp:meta_key>_wp_attached_file</wp:meta_key>
			<wp:meta_value><![CDATA[/home/wpcom/public_html/wp-content/blogs.dir/72c/181759239/files/2020/08/ugamed_2338.jpg]]></wp:meta_value>
		</wp:postmeta>
		<wp:postmeta>
			<wp:meta_key>_wp_attachment_metadata</wp:meta_key>
			<wp:meta_value><![CDATA[a:6:{s:5:"width";i:4200;s:6:"height";i:2700;s:4:"file";s:88:"/home/wpcom/public_html/wp-content/blogs.dir/72c/181759239/files/2020/08/ugamed_2338.jpg";s:5:"sizes";a:0:{}s:10:"image_meta";a:12:{s:8:"aperture";s:3:"5.6";s:6:"credit";s:0:"";s:6:"camera";s:20:"Canon EOS 5D Mark IV";s:7:"caption";s:0:"";s:17:"created_timestamp";s:10:"1555516707";s:9:"copyright";s:0:"";s:12:"focal_length";s:2:"24";s:3:"iso";s:3:"400";s:13:"shutter_speed";s:17:"0.033333333333333";s:5:"title";s:0:"";s:11:"orientation";s:1:"1";s:8:"keywords";a:0:{}}s:8:"filesize";i:5551863;}]]></wp:meta_value>
		</wp:postmeta>
	</item>
	<item>
		<title>cropped-ugamed_2338.jpg</title>
		<link>https://slaughtergaddyandrosenthal.wordpress.com/cropped-ugamed_2338-jpg/</link>
		<pubDate>Wed, 19 Aug 2020 20:04:09 +0000</pubDate>
		<dc:creator>sparkyflint</dc:creator>
		<guid isPermaLink="false">https://slaughtergaddyandrosenthal.files.wordpress.com/2020/08/cropped-ugamed_2338.jpg</guid>
		<description></description>
		<content:encoded><![CDATA[]]></content:encoded>
		<excerpt:encoded><![CDATA[]]></excerpt:encoded>
		<wp:post_id>48</wp:post_id>
		<wp:post_date>2020-08-19 16:04:09</wp:post_date>
		<wp:post_date_gmt>2020-08-19 20:04:09</wp:post_date_gmt>
		<wp:comment_status>open</wp:comment_status>
		<wp:ping_status>closed</wp:ping_status>
		<wp:post_name>cropped-ugamed_2338-jpg</wp:post_name>
		<wp:status>inherit</wp:status>
		<wp:post_parent>0</wp:post_parent>
		<wp:menu_order>0</wp:menu_order>
		<wp:post_type>attachment</wp:post_type>
		<wp:post_password></wp:post_password>
		<wp:is_sticky>0</wp:is_sticky>
		<wp:attachment_url>https://slaughtergaddyandrosenthal.files.wordpress.com/2020/08/cropped-ugamed_2338.jpg</wp:attachment_url>
		<wp:postmeta>
			<wp:meta_key>_wp_attached_file</wp:meta_key>
			<wp:meta_value><![CDATA[/home/wpcom/public_html/wp-content/blogs.dir/72c/181759239/files/2020/08/cropped-ugamed_2338.jpg]]></wp:meta_value>
		</wp:postmeta>
		<wp:postmeta>
			<wp:meta_key>_wp_attachment_context</wp:meta_key>
			<wp:meta_value><![CDATA[custom-header]]></wp:meta_value>
		</wp:postmeta>
		<wp:postmeta>
			<wp:meta_key>_wp_attachment_metadata</wp:meta_key>
			<wp:meta_value><![CDATA[a:7:{s:5:"width";i:1140;s:6:"height";i:222;s:4:"file";s:96:"/home/wpcom/public_html/wp-content/blogs.dir/72c/181759239/files/2020/08/cropped-ugamed_2338.jpg";s:5:"sizes";a:0:{}s:10:"image_meta";a:12:{s:8:"aperture";s:1:"0";s:6:"credit";s:0:"";s:6:"camera";s:0:"";s:7:"caption";s:0:"";s:17:"created_timestamp";s:1:"0";s:9:"copyright";s:0:"";s:12:"focal_length";s:1:"0";s:3:"iso";s:1:"0";s:13:"shutter_speed";s:1:"0";s:5:"title";s:0:"";s:11:"orientation";s:1:"0";s:8:"keywords";a:0:{}}s:8:"filesize";i:42030;s:17:"attachment_parent";i:47;}]]></wp:meta_value>
		</wp:postmeta>
		<wp:postmeta>
			<wp:meta_key>_wp_attachment_custom_header_last_used_pub/rebalance</wp:meta_key>
			<wp:meta_value><![CDATA[1597867457]]></wp:meta_value>
		</wp:postmeta>
		<wp:postmeta>
			<wp:meta_key>_wp_attachment_is_custom_header</wp:meta_key>
			<wp:meta_value><![CDATA[pub/rebalance]]></wp:meta_value>
		</wp:postmeta>
	</item>
	<item>
		<title></title>
		<link>https://slaughtergaddyandrosenthal.wordpress.com/2020/08/19/22/</link>
		<pubDate>Wed, 19 Aug 2020 19:29:00 +0000</pubDate>
		<dc:creator>sparkyflint</dc:creator>
		<guid isPermaLink="false">https://slaughtergaddyandrosenthal.wordpress.com/2020/08/19/22/</guid>
		<description></description>
		<content:encoded><![CDATA[ ]]></content:encoded>
		<excerpt:encoded><![CDATA[]]></excerpt:encoded>
		<wp:post_id>22</wp:post_id>
		<wp:post_date>2020-08-19 19:29:00</wp:post_date>
		<wp:post_date_gmt>2020-08-19 19:29:00</wp:post_date_gmt>
		<wp:comment_status>closed</wp:comment_status>
		<wp:ping_status>closed</wp:ping_status>
		<wp:post_name>22</wp:post_name>
		<wp:status>publish</wp:status>
		<wp:post_parent>0</wp:post_parent>
		<wp:menu_order>4</wp:menu_order>
		<wp:post_type>nav_menu_item</wp:post_type>
		<wp:post_password></wp:post_password>
		<wp:is_sticky>0</wp:is_sticky>
		<category domain="nav_menu" nicename="primary"><![CDATA[Primary]]></category>
		<wp:postmeta>
			<wp:meta_key>_publicize_pending</wp:meta_key>
			<wp:meta_value><![CDATA[1]]></wp:meta_value>
		</wp:postmeta>
		<wp:postmeta>
			<wp:meta_key>_menu_item_type</wp:meta_key>
			<wp:meta_value><![CDATA[post_type]]></wp:meta_value>
		</wp:postmeta>
		<wp:postmeta>
			<wp:meta_key>_menu_item_menu_item_parent</wp:meta_key>
			<wp:meta_value><![CDATA[0]]></wp:meta_value>
		</wp:postmeta>
		<wp:postmeta>
			<wp:meta_key>_menu_item_object_id</wp:meta_key>
			<wp:meta_value><![CDATA[7]]></wp:meta_value>
		</wp:postmeta>
		<wp:postmeta>
			<wp:meta_key>_menu_item_object</wp:meta_key>
			<wp:meta_value><![CDATA[page]]></wp:meta_value>
		</wp:postmeta>
		<wp:postmeta>
			<wp:meta_key>_menu_item_target</wp:meta_key>
			<wp:meta_value><![CDATA[]]></wp:meta_value>
		</wp:postmeta>
		<wp:postmeta>
			<wp:meta_key>_menu_item_classes</wp:meta_key>
			<wp:meta_value><![CDATA[a:1:{i:0;s:0:"";}]]></wp:meta_value>
		</wp:postmeta>
		<wp:postmeta>
			<wp:meta_key>_menu_item_xfn</wp:meta_key>
			<wp:meta_value><![CDATA[]]></wp:meta_value>
		</wp:postmeta>
		<wp:postmeta>
			<wp:meta_key>_menu_item_url</wp:meta_key>
			<wp:meta_value><![CDATA[]]></wp:meta_value>
		</wp:postmeta>
		<wp:postmeta>
			<wp:meta_key>_menu_item_content</wp:meta_key>
			<wp:meta_value><![CDATA[]]></wp:meta_value>
		</wp:postmeta>
	</item>
</channel>
</rss>
